,expectedElevation,measuredElevation,elevationCalculatedAngle1,times_x,nasmyth2CalculatedAngle,times_y,position0,position1,position2,position3,position4,imageName,requestedExposureTime,additionalKeys,additionalValues,reportedPosition0,reportedPosition1,reportedPosition2,reportedPosition3,reportedPosition4,reportedPosition5,m1_tip,m1_tilt,m1_piston,m1_y_pos,m1_x_pos,xcentroid,ycentroid
2021-07-07 23:54:04.165000+00:00,67.8371701530923,67.92200221445273,67.9872929139965,1625702007.1626651,13.971553454452078,1625702007.1596708,-1.134,0.397,-21.686,0.098,8.679,AT_O_20210707_000094,5.0,groupId:imageType,2021-07-07T23\:53\:51.383:OBJECT,-3.78607807158,2.19901763617,-1.22447983676,0.350000244969,0.219998084694,-1.51062714228e-06,-0.0,-0.0,0.0,0.0,0.0,2126.8242284791436,1165.3487614405126
2021-07-08 00:09:38.336000+00:00,79.82047739231126,79.89607464919263,79.96266281446151,1625702941.2688327,5.486703077709535,1625702941.328831,-1.169,0.398,-21.685,0.099,8.685,AT_O_20210707_000104,5.0,groupId:imageType,2021-07-08T00\:09\:25.587:OBJECT,-3.57084030169,2.25233202319,-1.23293568687,0.350000746207,0.22000001254,2.28012832157e-06,-1.3291014286030232,-0.6185641655570255,0.002667666293628517,-0.03446827135542742,0.0009848077530122089,2129.780012548202,2084.715404367985
2021-07-08 00:13:27.307000+00:00,74.4773640719097,74.55348422666596,74.61120343048242,1625703170.270853,1.291752541816095,1625703170.3018534,-1.169,0.398,-21.684,0.099,8.682,AT_O_20210707_000108,5.0,groupId:imageType,2021-07-08T00\:13\:14.538:OBJECT,-3.49970897513,2.22404656843,-1.22442315084,0.350000926638,0.219999538204,3.49557374875e-07,-0.5060323756722611,0.04436349408933096,0.0019999283066374253,-0.03446827135542742,0.0009848077530122089,2098.61930258998,2075.219552291899
2021-07-08 00:20:11.296000+00:00,68.7763053649446,68.85347107583473,68.90475770672492,1625703574.276651,2.449976215517381,1625703574.2906392,-1.142,0.403,-21.685,0.099,8.681,AT_O_20210707_000114,5.0,groupId:imageType,2021-07-08T00\:19\:58.525:OBJECT,-3.61060327155,2.29894141732,-1.22603548841,0.349999336348,0.220000781493,1.34816052282e-06,-0.26582028572380445,-0.12371283311133323,0.0013335332587256442,-0.007878462024097671,0.005908846518073253,2051.5923491287535,1853.3315825028228
2021-07-08 00:23:58.610000+00:00,65.10064609748818,65.17821752044992,65.2340058072441,1625703801.577658,0.6692136175988708,1625703801.6036556,-1.124,0.411,-21.684,0.099,8.682,AT_O_20210707_000118,5.0,groupId:imageType,2021-07-08T00\:23\:45.857:OBJECT,-3.67498750616,2.35949906238,-1.21680157647,0.350000339234,0.219997021046,1.62902862086e-06,-0.5060323756722611,0.04436349408933096,0.0019999283066374253,0.00984807753012187,0.01378730854217087,2079.7720156453383,1744.2793624638905
2021-07-08 00:29:22.201000+00:00,59.30512915032398,59.38378023593559,59.431427477204124,1625704125.1791122,1.2650008596392581,1625704125.1911087,-1.102,0.43,-21.684,0.098,8.682,AT_O_20210707_000124,5.0,groupId:imageType,2021-07-08T00\:29\:09.435:OBJECT,-3.74225319725,2.31300249012,-1.20845159807,0.349999926814,0.219999755517,-4.96297478704e-07,-0.7462444656189612,0.2124398212907673,0.0016663233545495745,0.03151384809639047,0.03249865584940284,2034.5566767396274,1679.486195780372
2021-07-08 00:32:49.935000+00:00,53.045754031890574,53.126784626824495,53.17839941223792,1625704332.880037,0.4518487401364837,1625704332.9260437,-1.077,0.45,-21.683,0.1,8.719,AT_O_20210707_000128,5.0,groupId:imageType,2021-07-08T00\:32\:37.184:OBJECT,-3.65129632304,2.212387062,-1.20650264727,0.35000139727,0.219999082114,2.04121934079e-07,-10.075562653733243,-4.409298497264852,0.015007125620759355,0.0561340419216958,0.05219481090964702,2055.201064641816,1481.0068157713158
2021-07-08 00:36:27.989000+00:00,49.24545669769665,49.32792489647602,49.37561219772033,1625704550.9820116,0.46569676174840424,1625704550.9810183,-1.064,0.459,-21.678,0.125,8.791,AT_O_20210707_000132,5.0,groupId:imageType,2021-07-08T00\:36\:15.230:OBJECT,-3.47902922933,2.1143425749,-1.23653677465,0.350001566742,0.219999231613,-1.07830624447e-06,-23.081279909954922,-16.05958482800932,0.04902595299713201,0.0689365427108544,0.061058080686756895,2017.7553140537489,1203.6465808506457
2021-07-08 00:47:37.117000+00:00,42.84081452957861,42.89130595144951,42.94495573481254,1625705220.0870004,1.807591403281549,1625705220.1139874,-1.046,0.469,-21.655,0.318,8.944,AT_O_20210707_000143,5.0,groupId:imageType,2021-07-08T00\:47\:24.384:OBJECT,-2.75540003416,2.08124481521,-1.3569323899,0.349998507203,0.220000019373,-3.29754524823e-07,-16.801861821969403,-60.71522703569723,0.17209811848639553,0.08666308226507416,0.07090615821687893,2019.2463963812852,2230.7046586790098
2021-07-08 00:54:27.990000+00:00,38.87153948603417,38.90349728034329,38.955257891022484,1625705630.89081,0.7898629553528735,1625705630.9898193,-1.04,0.475,-21.644,0.394,8.998,AT_O_20210707_000150,5.0,groupId:imageType,2021-07-08T00\:54\:15.224:OBJECT,-2.651691739,2.18318225192,-1.39673207609,0.349999355674,0.220000290784,1.6834123603e-06,-12.618348282852693,-76.95983830991435,0.21912437049730735,0.09257192878314742,0.07681500473495219,2226.5173072572293,2545.7168154924707
2021-07-08 01:05:13.450000+00:00,29.144920354328125,29.177221430909768,29.225507585622836,1625706276.3976738,0.989914173624129,1625706276.4486754,-1.018,0.494,-21.631,0.49,9.051,AT_O_20210707_000161,5.0,groupId:imageType,2021-07-08T01\:05\:00.701:OBJECT,-2.51107282112,2.43070608066,-1.4187096231,0.349998952937,0.220000163911,-5.38514279117e-07,-3.313556261518102,-95.85868346220327,0.27315491186962293,0.11423769934941601,0.09552635204218415,2447.3357493595877,1978.3723648999905
2021-07-08 01:18:42.545000+00:00,24.289657315118156,24.32463160026258,24.37218358955579,1625707085.485246,1.7322959847806487,1625707085.5442448,-1.017,0.498,-21.627,0.519,9.064,AT_O_20210707_000170,5.0,groupId:imageType,2021-07-08T01\:18\:29.783:OBJECT,-2.40277142287,2.33374301617,-1.42805060885,0.35000030083,0.219999921303,4.27131259845e-07,0.29936341540171846,-101.17400592741558,0.28849683500035,0.11522250710242833,0.09946558305423299,2058.7195575010564,2041.1913641152785
2021-07-08 01:25:20.780000+00:00,34.900856149007915,34.93529708631906,34.98593589506345,1625707483.6899896,0.7338436789868865,1625707483.770996,-1.015,0.501,-21.639,0.458,9.034,AT_O_20210707_000177,5.0,groupId:imageType,2021-07-08T01\:25\:08.035:OBJECT,-2.56700725958,2.20075743789,-1.40751071758,0.349999415975,0.220000433135,2.82515023902e-06,-6.686263846717375,-90.71143716443281,0.25414659369098447,0.11719212260845274,0.10242000631326961,2112.6395260437534,2235.514081784746
2021-07-08 01:32:57.337000+00:00,44.323565659428105,44.4090057184362,44.466112910129596,1625707940.293001,1.110122064492316,1625707940.3369954,-1.021,0.498,-21.664,0.273,8.9,AT_O_20210707_000185,5.0,groupId:imageType,2021-07-08T01\:32\:44.577:OBJECT,-3.22674832123,2.16336933825,-1.30693961153,0.349999610937,0.220000656321,-1.19845528094e-06,-16.145787063966914,-50.33453085194948,0.13941467615583641,0.1112832760903795,0.09946558305423299,1566.6635869456793,887.8225110377748
2021-07-08 01:40:36.656000+00:00,55.20566040396342,55.28443418866534,55.340657739245216,1625708399.5780542,1.548112044489244,1625708399.655048,-1.04,0.481,-21.687,0.094,8.693,AT_O_20210707_000193,5.0,groupId:imageType,2021-07-08T01\:40\:23.912:OBJECT,-3.95533967053,2.30393452353,-1.18492377229,0.349999590665,0.220000107154,6.11237506532e-07,-4.707940554893284,-1.3514635150540282,0.0030021840246199235,0.09257192878314742,0.08272385125302543,2017.3291696971037,1633.1282566569869
2021-07-08 01:46:31.338000+00:00,64.60728234422507,64.68289368051418,64.73349398215942,1625708754.2806282,1.563310334837297,1625708754.3316228,-1.07,0.453,-21.686,0.096,8.687,AT_O_20210707_000199,5.0,groupId:imageType,2021-07-08T01\:46\:18.584:OBJECT,-3.94560616408,2.35403885408,-1.20569464453,0.34999953544,0.220002147846,-1.85590913357e-06,-2.606986465553052,-0.6535500104894153,0.0020010561656288585,0.06302769619278115,0.05514923416868364,2016.2435319458727,1798.2214140246665
2021-07-08 01:50:50.326000+00:00,76.34838129705793,76.41999144604027,76.4666456564155,1625709013.282771,1.5871855713485274,1625709013.3257737,-1.14,0.423,-21.684,0.099,8.69,AT_O_20210707_000203,5.0,groupId:imageType,2021-07-08T01\:50\:37.586:OBJECT,-3.82455472103,2.19314451033,-1.23141564768,0.349998188213,0.220001669023,-5.26184494833e-07,-2.6325946613243167,-0.9453391707986734,0.004668194376441985,-0.005908846518073253,0.025605001578317375,2076.4715651343463,2240.2393151936717
2021-07-08 01:55:23.395000+00:00,82.38573041468025,82.46147891184224,82.53594598014024,1625709286.3839757,3.398219133159728,1625709286.389975,-1.228,0.403,-21.682,0.1,8.693,AT_O_20210707_000207,5.0,groupId:imageType,2021-07-08T01\:55\:10.635:OBJECT,-3.6481177146,2.24452356586,-1.24299250892,0.350000323948,0.219999170171,-1.64638872661e-07,-3.1386270368982103,-0.9009756767091941,0.006668122683080594,-0.09257192878314764,0.005908846518073253,2066.0253108418756,2267.0312769906086
2021-07-08 02:22:36.727000+00:00,74.13479312904296,74.16517414135218,74.06708380419877,1625710919.698173,-2.0968560032488313,1625710919.726173,-1.184,0.408,-21.683,0.1,8.69,AT_O_20210707_000211,5.0,groupId:imageType,2021-07-08T02\:22\:23.987:OBJECT,-3.69332530488,2.34056335543,-1.2381494042,0.349999781684,0.21999850702,3.66654902046e-08,-2.3667743756390838,-0.8216263376887492,0.005334661117716786,-0.049240387650610444,0.010832885283134244,2208.824836572369,2220.128686768828
2021-07-08 04:43:24.004000+00:00,70.73027890159103,70.82460715409312,70.93161991079978,1625719366.9699235,-25.652246912562987,1625719366.99692,-1.18,0.418,-21.683,0.1,8.691,AT_O_20210707_000314,5.0,groupId:imageType,2021-07-08T04\:43\:11.237:OBJECT,-3.64119533843,2.20636580977,-1.20415016691,0.349999331934,0.219999338946,-7.16492149931e-07,-2.6325946613246094,-0.9453391707984684,0.0056681943764428,-0.04530115663856161,0.02068096281325633,1240.1500905738426,3357.2336516912483
2021-07-08 05:33:08.073000+00:00,77.79116058077973,77.8539353677946,77.93673580724862,1625722350.9818308,-4.839181368792197,1625722351.0698285,-1.17,0.425,-21.683,0.099,8.692,AT_O_20210707_000372,5.0,groupId:imageType,2021-07-08T05\:32\:55.330:OBJECT,-3.67854745704,2.14437259269,-1.22767261291,0.349999286699,0.219999514159,-2.35938717624e-07,-3.138627036898389,-0.9009756767096195,0.005668122683080371,-0.03545307910843952,0.027574617084341793,1991.2606464380451,2197.711491530211
2021-07-08 05:42:42.167000+00:00,69.15947076352124,69.21622125146705,69.31075966199569,1625722925.0883238,-5.256952633702895,1625722925.157322,-1.162,0.426,-21.684,0.099,8.688,AT_O_20210707_000382,5.0,groupId:imageType,2021-07-08T05\:42\:29.409:OBJECT,-3.65782190446,2.25288692839,-1.22529020031,0.350000165023,0.219999438157,9.35771623134e-08,-2.1009540899463466,-0.6979135045790831,0.004001127858991142,-0.02757461708434185,0.028559424837354002,2379.6999097527437,1897.5270162077159
2021-07-08 05:49:13.382000+00:00,59.55902780490294,59.62189036462181,59.716280309759895,1625723316.291012,-2.6823963127972092,1625723316.376013,-1.123,0.452,-21.684,0.098,8.688,AT_O_20210707_000389,5.0,groupId:imageType,2021-07-08T05\:49\:00.634:OBJECT,-3.78432477966,2.35260454924,-1.22214936101,0.349999535696,0.219998468278,7.15546700346e-07,-2.3411661798674075,-0.5298371773790701,0.0036675229069032915,0.010832885283134188,0.054164426415671436,1976.530762052725,2086.3283220831113
2021-07-08 05:58:56.982000+00:00,50.989725955386376,51.04823419444407,51.141609458529274,1625723899.894527,-2.8893334321619477,1625723899.9725227,-1.081,0.487,-21.685,0.094,8.706,AT_O_20210707_000398,5.0,groupId:imageType,2021-07-08T05\:58\:44.236:OBJECT,-3.83933310497,2.28979417696,-1.2117278294,0.34999960402,0.21999860625,1.3433429928e-06,-8.112387874392828,-2.3761520247947665,0.008003839966426677,0.05219481090964696,0.0886326977710987,2016.2898380289757,2156.089400952799
2021-07-08 06:07:34.461000+00:00,40.80739963876787,40.84696423717724,40.93358775816159,1625724417.3977458,-2.8528245441557374,1625724417.460749,-1.058,0.494,-21.648,0.364,8.961,AT_O_20210707_000406,5.0,groupId:imageType,2021-07-08T06\:07\:21.682:OBJECT,-2.80204284937,2.23774469552,-1.38511474586,0.350000100798,0.219998869335,9.43380092506e-07,-10.091793200312857,-68.5073313621719,0.1954440442050781,0.07484538922892765,0.09552635204218415,1999.8599270773993,1846.2786288875263
2021-07-08 06:14:55.949000+00:00,28.32074223762116,28.353962044733464,28.439316807605792,1625724858.904642,-2.2469510786177125,1625724858.946639,-1.033,0.515,-21.632,0.478,9.02,AT_O_20210707_000414,5.0,groupId:imageType,2021-07-08T06\:14\:43.184:OBJECT,-2.44595413606,2.41994751734,-1.419765574,0.349998318193,0.219999210161,1.3002409207e-06,2.0187193204225156,-90.29846000221397,0.2584792596348877,0.09946558305423299,0.11620731485544054,2106.848298320046,1714.3889609513355
2021-07-08 06:22:08.580000+00:00,23.686334083357817,23.71786310459227,23.805702386714984,1625725291.5114913,-2.145340730989119,1625725291.5754924,-1.029,0.518,-21.563,0.529,9.059,AT_O_20210707_000421,5.0,groupId:imageType,2021-07-08T06\:21\:55.836:OBJECT,-2.46702726486,2.54748309732,-1.42472615909,0.350000221677,0.219999873398,2.83101736122e-06,5.669510271706742,-83.56170231640499,0.31146837273553896,0.10340481406628182,0.11916173811447717,2365.347744430221,1895.3140454215581
2021-07-08 06:28:23.935000+00:00,36.03479741306687,36.06756319592774,36.152323542453814,1625725666.9150977,-2.1316167615295853,1625725666.9300938,-1.028,0.517,-21.641,0.437,9.003,AT_O_20210707_000428,5.0,groupId:imageType,2021-07-08T06\:28\:11.181:OBJECT,-2.60328573766,2.33866821043,-1.40518739269,0.349999956405,0.220000614636,-2.67680478686e-07,-3.5415052717369644,-83.93031600327984,0.23613563509827287,0.10438962181929393,0.11817693036146495,2047.2306948983623,1910.727359651032
2021-07-08 06:34:59.805000+00:00,42.54866719859455,42.586631692925614,42.67309194646077,1625726062.7668018,-2.329363962257048,1625726062.8047945,-1.031,0.514,-21.656,0.337,8.934,AT_O_20210707_000435,5.0,groupId:imageType,2021-07-08T06\:34\:47.057:OBJECT,-3.04891730346,2.27659975163,-1.34450207668,0.350000552896,0.219999819237,3.51213832861e-07,-9.605237481690601,-62.963337879630686,0.17476841819962236,0.1014351985602574,0.11522250710242833,2111.4840721985897,1902.0443050546978
2021-07-08 06:41:30.400000+00:00,52.15228829518637,52.20457019368001,52.294548956953804,1625726453.36947,-2.571862479293486,1625726453.3934662,-1.046,0.502,-21.687,0.094,8.702,AT_O_20210707_000442,5.0,groupId:imageType,2021-07-08T06\:41\:17.631:OBJECT,-3.91014060592,2.2920094831,-1.20363128392,0.350000550202,0.219999288008,6.93704884683e-07,-7.100323124424896,-2.464879012962653,0.0060039833531504985,0.08666308226507416,0.10340481406628182,2288.061833774106,2144.8357779633743
2021-07-08 06:46:18.489000+00:00,64.11163304011859,64.16591804750088,64.2486918552604,1625726741.4727185,-2.1216961644531693,1625726741.4797158,-1.079,0.467,-21.686,0.096,8.689,AT_O_20210707_000447,5.0,groupId:imageType,2021-07-08T06\:46\:05.739:OBJECT,-3.95402355998,2.22011050796,-1.20665014313,0.350000510465,0.220000538886,3.21149195637e-07,-3.138627036898362,-0.9009756767096379,0.0026681226830802944,0.05416442641567138,0.06893654271085457,2218.841553003615,2028.4280509802147
2021-07-08 06:54:41.152000+00:00,72.50743006436956,72.56271660485751,72.65620833475259,1625727244.0798614,-5.203729783737799,1625727244.1518686,-1.127,0.44,-21.684,0.098,8.69,AT_O_20210707_000456,5.0,groupId:imageType,2021-07-08T06\:54\:28.390:OBJECT,-3.77878443498,2.29742217525,-1.218947288,0.350000228167,0.21999899279,-2.7930757796e-08,-2.872806751230448,-0.7772628436001024,0.004334589424354134,0.006893654271085353,0.04234673337952493,2405.037750544747,1895.623104404327
2021-07-08 06:59:35.641000+00:00,80.81581398251605,80.87578656580506,80.968520252296,1625727538.582123,-4.87571126743569,1625727538.638133,-1.203,0.422,-21.683,0.1,8.694,AT_O_20210707_000461,5.0,groupId:imageType,2021-07-08T06\:59\:22.885:OBJECT,-3.72136469513,2.22971332055,-1.23989212583,0.350000345079,0.21999873239,-2.0309772617e-06,-3.4300555183242447,-1.3164776701227505,0.006668794152619659,-0.06795173495784253,0.024620193825305167,2178.3532626555025,1987.4146027140612
2021-07-08 07:14:47.162000+00:00,28.658966212183753,28.67173022942475,28.67276778660016,1625728450.08903,1.5917075522156665,1625728450.1590304,-1.036,0.514,-21.633,0.476,9.028,AT_O_20210707_000472,5.0,groupId:imageType,2021-07-08T07\:14\:34.386:OBJECT,-2.51969683478,2.43050237137,-1.43249348131,0.349997430929,0.219999695851,-2.67408741348e-07,-0.6138753409788625,-91.24379898994057,0.2601474540113314,0.09651115979519626,0.11522250710242833,1722.5319922034685,2164.6864406498657
2021-07-08 07:17:26.446000+00:00,28.66322798792206,28.676149366727305,28.674826829053927,1625728609.39271,0.9388916291209171,1625728609.4437082,-1.036,0.514,-21.633,0.476,9.029,AT_O_20210707_000475,5.0,groupId:imageType,2021-07-08T07\:17\:13.685:OBJECT,-2.49541006816,2.37714464275,-1.42682820354,0.350001360344,0.219999760064,1.92384874159e-06,-0.8796956266994564,-91.36751179881087,0.2604809872700568,0.09651115979519626,0.11522250710242833,1652.291355824461,2210.738912329553
2021-07-08 07:19:48.948000+00:00,28.66722888671585,28.679891407508553,28.678953854658175,1625728751.8953197,0.35765671207627747,1625728751.947323,-1.036,0.515,-21.633,0.477,9.029,AT_O_20210707_000478,5.0,groupId:imageType,2021-07-08T07\:19\:36.200:OBJECT,-2.50218005789,2.36123458045,-1.42886907173,0.34999913113,0.219998465892,-1.7987645596e-06,-0.6394835367537927,-91.53558809297256,0.26081459222214465,0.09651115979519626,0.11620731485544054,1627.0023083995793,2231.768547271202
2021-07-08 07:22:27.598000+00:00,28.67188815332095,28.684249118008513,28.683296351053286,1625728910.5960019,-0.2899510316492524,1625728910.589009,-1.036,0.515,-21.633,0.477,9.029,AT_O_20210707_000481,5.0,groupId:imageType,2021-07-08T07\:22\:14.850:OBJECT,-2.5112724351,2.39781596139,-1.43564323235,0.349998764336,0.219998564674,8.00851374427e-07,-0.6394835367537927,-91.53558809297256,0.26081459222214465,0.09651115979519626,0.11620731485544054,1649.2771401803227,2230.684256291392
2021-07-08 07:25:19.287000+00:00,28.67715415302024,28.689728474059844,28.688209263898898,1625729082.1967397,-0.9910871736647096,1625729082.2807503,-1.036,0.515,-21.633,0.477,9.03,AT_O_20210707_000484,5.0,groupId:imageType,2021-07-08T07\:25\:06.533:OBJECT,-2.48415235646,2.38932511961,-1.43052410852,0.34999976214,0.219999971793,1.44754002187e-06,-0.9053038224741721,-91.65930090168766,0.2611481254808701,0.09651115979519626,0.11620731485544054,1627.769219391353,2263.5555982295314
2021-07-08 07:27:56.912000+00:00,28.68220001713415,28.694213372801173,28.69348338089185,1625729239.897425,-1.6337366305233445,1625729239.9114301,-1.036,0.515,-21.633,0.478,9.03,AT_O_20210707_000487,5.0,groupId:imageType,2021-07-08T07\:27\:44.151:OBJECT,-2.51191067705,2.42088903401,-1.4297366422,0.350000158152,0.220001117162,-6.27618590469e-08,-0.6650917325287604,-91.82737719563818,0.26148173043295797,0.09651115979519626,0.11620731485544054,1640.4353009566744,2269.238284088532
2021-07-08 07:30:28.786000+00:00,28.68727756741839,28.69993412382663,28.69786521635251,1625729391.6990893,-2.2539583496691193,1625729391.7830918,-1.036,0.515,-21.633,0.478,9.03,AT_O_20210707_000490,5.0,groupId:imageType,2021-07-08T07\:30\:16.034:OBJECT,-2.45740007595,2.35401552354,-1.4246953197,0.349998387336,0.220001261633,1.01531419669e-06,-0.6650917325287604,-91.82737719563818,0.26148173043295797,0.09651115979519626,0.11620731485544054,1576.8801308701738,2311.2356183376546
2021-07-08 07:32:53.069000+00:00,28.69226401805515,28.704208285278206,28.703513948537875,1625729535.9997153,-2.840952640020987,1625729536.0677145,-1.036,0.515,-21.633,0.478,9.03,AT_O_20210707_000493,5.0,groupId:imageType,2021-07-08T07\:32\:40.324:OBJECT,-2.49773072151,2.38066887513,-1.42948368265,0.349999325788,0.219998855012,1.95537751344e-06,-0.6650917325287604,-91.82737719563818,0.26148173043295797,0.09651115979519626,0.11620731485544054,1585.3950204508956,2332.837202742977
2021-07-08 07:35:14.118000+00:00,28.697308071273024,28.708938648961777,28.70782515249448,1625729677.1013246,-3.4168229155184235,1625729677.111328,-1.036,0.515,-21.633,0.478,9.03,AT_O_20210707_000496,5.0,groupId:imageType,2021-07-08T07\:35\:01.379:OBJECT,-2.51097331106,2.33383192142,-1.42866083265,0.349999879288,0.219999446599,-6.0601210419e-07,-0.6650917325287604,-91.82737719563818,0.26148173043295797,0.09651115979519626,0.11620731485544054,1525.4052178429417,2374.316575349911
2021-07-08 07:37:36.090000+00:00,28.702540592462558,28.71460862859232,28.712710796215106,1625729819.001939,-3.9952406190277543,1625729819.081946,-1.036,0.515,-21.633,0.478,9.03,AT_O_20210707_000499,5.0,groupId:imageType,2021-07-08T07\:37\:23.329:OBJECT,-2.47338184462,2.34054670321,-1.42507473497,0.349999936668,0.219999134169,1.28269931868e-07,-0.6650917325287604,-91.82737719563818,0.26148173043295797,0.09651115979519626,0.11620731485544054,1525.3103915151619,2402.3173718121443
2021-07-08 08:04:41.440000+00:00,28.774150122896163,28.78505663664925,28.78196140966611,1625731444.4120343,-10.61114183589234,1625731444.4390423,-1.035,0.517,-21.635,0.484,,AT_O_20210707_000506,5.0,groupId:imageType,2021-07-08T08\:04\:28.686:OBJECT,-2.53421748855,2.38634556232,-1.43497604149,0.349999544205,0.220000599832,4.43114440878e-07,,,,0.09749596754820856,0.11817693036146495,1388.0708750442113,2609.351368815848
2021-07-08 08:10:48.336000+00:00,30.72387433265085,30.835337915605372,30.659016428806353,1625731811.3196466,-59.889993434393546,1625731811.3306382,-1.02,0.525,-21.632,0.504,,AT_O_20210707_000510,1.0,groupId:imageType,2021-07-08T08\:10\:44.576:ENGTEST,-2.5115057329,2.36252013664,-1.44417235672,0.350000443837,0.220000390235,9.38476596288e-08,,,,0.1122680838433916,0.12605539238556263,3460.3553281484474,1556.692024775923
2021-07-08 08:11:55.453000+00:00,50.03331271930012,50.091043683056554,50.18473005136184,1625731878.4099314,-39.706459333741805,1625731878.4509356,-1.037,0.51,-21.685,0.1,,AT_O_20210707_000512,1.0,groupId:imageType,2021-07-08T08\:11\:51.710:ENGTEST,-3.67105579673,2.17584470628,-1.28093067136,0.349999783485,0.220000705821,-7.6680908215e-07,,,,0.09552635204218415,0.1112832760903795,2097.33637955278,1898.8741065115325
2021-07-08 08:12:58.144000+00:00,31.26945993557938,31.388099211098805,31.687954722263385,1625731941.1102023,-57.88569643125811,1625731941.1432111,-1.028,0.512,-21.63,0.513,,AT_O_20210707_000514,1.0,groupId:imageType,2021-07-08T08\:12\:54.409:ENGTEST,-2.50675954691,2.35185234269,-1.4468727959,0.35000215828,0.219999616104,-1.22275920934e-06,,,,0.10438962181929393,0.1132528915964039,3067.626581318207,2230.1383498171576
2021-07-08 08:18:27.449000+00:00,50.2979003548811,50.3438633174638,50.3832398935192,1625732270.4016416,-39.394826432311675,1625732270.4476454,-1.045,0.501,-21.683,0.115,,AT_O_20210707_000516,1.0,groupId:imageType,2021-07-08T08\:18\:23.712:ENGTEST,-3.68641963884,2.17803826007,-1.27835509506,0.349999482122,0.219999765161,1.10349732822e-06,,,,0.08764789001808648,0.10242000631326961,2110.6873436034743,1892.344557091493
2021-07-08 08:19:40.702000+00:00,60.36962665863034,60.43151913548622,60.548652915560524,1625732343.701958,-29.407336404168746,1625732343.6989567,-1.062,0.481,-21.686,0.095,,AT_O_20210707_000518,1.0,groupId:imageType,2021-07-08T08\:19\:36.959:ENGTEST,-3.89418608847,2.26735536359,-1.24556536691,0.350000311789,0.220000936698,8.03676097122e-07,,,,0.07090615821687882,0.08272385125302543,2109.9334271460884,1890.4840933828123
2021-07-08 08:20:39.197000+00:00,51.730426629959005,51.797931538022304,51.937391815983574,1625732402.1122067,-38.08302930519858,1625732402.191209,-1.066,0.485,-21.685,0.1,,AT_O_20210707_000520,1.0,groupId:imageType,2021-07-08T08\:20\:35.464:ENGTEST,-3.76383727972,2.19141866764,-1.26538196951,0.350001034109,0.220000372412,-3.75751170252e-07,,,,0.06696692720482998,0.08666308226507427,2110.4193811764594,1908.2231134786427
2021-07-08 08:21:55.442000+00:00,53.46848218669158,53.54910277818699,53.70494833429984,1625732478.4125347,-36.60139939709916,1625732478.4415326,-1.066,0.485,-21.687,0.095,,AT_O_20210707_000522,1.0,groupId:imageType,2021-07-08T08\:21\:51.708:ENGTEST,-3.83388112661,2.20859408393,-1.25372897543,0.350000203067,0.219998391201,2.30834931916e-06,,,,0.06696692720482998,0.08666308226507427,2105.993234254186,1875.8838516396813
2021-07-08 08:22:51.602000+00:00,63.952438358080066,64.03274238886247,62.95849522789649,1625732534.513778,-28.117478182160994,1625732534.592777,-1.076,0.469,-21.686,0.096,,AT_O_20210707_000524,1.0,groupId:imageType,2021-07-08T08\:22\:47.860:ENGTEST,-3.83637275919,2.28052861225,-1.25693673476,0.350000364262,0.219999940211,2.14056507474e-07,,,,0.0571188496747079,0.07090615821687893,2111.4069648229856,1876.9441625745342
2021-07-08 08:23:45.641000+00:00,73.6801879271922,73.76137657004871,73.15886369187501,1625732588.614011,-17.836176296317717,1625732588.6330087,-1.126,0.441,-21.684,0.098,,AT_O_20210707_000526,1.0,groupId:imageType,2021-07-08T08\:23\:41.910:ENGTEST,-3.68124630071,2.24736590004,-1.28580348768,0.349999786225,0.219999477102,-1.41543687472e-06,,,,0.007878462024097671,0.043331541132537135,2112.8002496543404,1872.7173650291304
2021-07-08 08:25:01.681000+00:00,56.21173256129414,56.34116473194131,56.36302327951125,1625732664.6143394,-34.05437103434815,1625732664.673339,-1.102,0.462,-21.685,0.097,,AT_O_20210707_000528,1.0,groupId:imageType,2021-07-08T08\:24\:57.958:ENGTEST,-3.89602219625,2.23560481036,-1.24378406412,0.349999350145,0.220000103562,1.54735441587e-07,,,,0.03151384809639047,0.06401250394579353,1962.1742485171228,2135.8757229762473
2021-07-08 08:26:09.457000+00:00,66.60691513510024,66.67613221697658,66.69869443615607,1625732732.4146326,-23.83695444985642,1625732732.453637,-1.101,0.458,-21.687,0.096,,AT_O_20210707_000530,1.0,groupId:imageType,2021-07-08T08\:26\:05.709:ENGTEST,-3.7832531134,2.28074457403,-1.26702031011,0.350001726922,0.220001137052,-7.65171464765e-07,,,,0.032498655849402786,0.06007327293374469,2109.794346754147,1879.6710452057944
2021-07-08 08:27:21.337000+00:00,56.464023304431166,56.5203574671714,56.47707170089416,1625732804.3159451,-33.76643410847464,1625732804.335945,-1.099,0.466,-21.686,0.097,,AT_O_20210707_000532,1.0,groupId:imageType,2021-07-08T08\:27\:17.609:ENGTEST,-3.8976210868,2.23687392274,-1.24355134148,0.350000826649,0.220001217674,9.44825423872e-07,,,,0.0344682713554272,0.06795173495784236,2111.2102446470412,1890.5906333352154
2021-07-08 08:28:37.392000+00:00,80.77601749917638,80.81884193652503,80.71992820341256,1625732880.31727,-9.022416909763706,1625732880.389275,-1.19,0.425,-21.683,0.1,,AT_O_20210707_000534,1.0,groupId:imageType,2021-07-08T08\:28\:33.665:ENGTEST,-3.68767619307,2.19624157644,-1.28390601784,0.35000146627,0.220000604009,2.21515240838e-06,,,,-0.0551492341686837,0.027574617084341793,2120.383304434627,1883.0018341849002
2021-07-08 08:29:31.262000+00:00,71.50035841960198,71.62251276615113,71.70112109024194,1625732934.217504,-16.860018511855742,1625732934.2595112,-1.173,0.425,-21.684,0.1,,AT_O_20210707_000536,1.0,groupId:imageType,2021-07-08T08\:29\:27.522:ENGTEST,-3.70194378149,2.2623170567,-1.28210827161,0.350000305419,0.220000531052,4.56196554253e-07,,,,-0.038407502367476254,0.027574617084341793,1877.714594405755,2080.813250838282
2021-07-08 08:30:25.609000+00:00,59.37087194389655,59.41018200306311,60.86212044795684,1625732988.5187404,-27.726926421368262,1625732988.601735,-1.117,0.455,-21.684,0.097,,AT_O_20210707_000538,1.0,groupId:imageType,2021-07-08T08\:30\:21.866:ENGTEST,-3.90363264998,2.26040987556,-1.24351445194,0.349999403832,0.220002106645,1.09304494198e-06,,,,0.016741731801207443,0.05711884967470806,2111.9794436164993,1886.2935440610331
2021-07-08 08:31:47.045000+00:00,62.469519019296996,62.503824110669,62.432649044596474,1625733070.01909,-27.28737941905274,1625733070.0430934,-1.116,0.455,-21.685,0.097,,AT_O_20210707_000540,1.0,groupId:imageType,2021-07-08T08\:31\:43.311:ENGTEST,-3.866120073,2.27645481319,-1.25118016327,0.350001202465,0.219998980236,-4.48216113506e-07,,,,0.01772653955421954,0.05711884967470806,2114.3496916545128,1897.058667678553
2021-07-08 08:32:47.938000+00:00,73.79941612107885,73.83855685504497,73.79781371194986,1625733130.9193563,-15.431044390046736,1625733130.9333563,-1.134,0.438,-21.687,0.098,,AT_O_20210707_000542,1.0,groupId:imageType,2021-07-08T08\:32\:44.208:ENGTEST,-3.68238281096,2.24861731465,-1.28560580468,0.349999681977,0.220000672694,-1.12567057766e-06,,,,0.0,0.04037711787350051,2118.3097368419035,1894.4233997740353
2021-07-08 08:43:58.182000+00:00,28.84177747048853,28.95956655440914,28.945656178810168,1625733801.1142511,-61.148682599523454,1625733801.1752577,-1.035,0.512,-21.63,0.502,,AT_O_20210707_000546,1.0,groupId:imageType,2021-07-08T08\:43\:54.457:ENGTEST,-2.53205961919,2.38500834552,-1.43579962907,0.349999208825,0.219999332103,-9.78488642888e-07,,,,0.09749596754820856,0.1132528915964039,1929.8695044169883,1909.164519081453
2021-07-08 08:44:56.738000+00:00,35.72129215289925,35.82813457506113,35.86848816118436,1625733859.7145119,-54.05813700481667,1625733859.736511,-1.033,0.514,-21.64,0.449,,AT_O_20210707_000548,1.0,groupId:imageType,2021-07-08T08\:44\:53.011:ENGTEST,-2.57695619091,2.25311011872,-1.44984365514,0.350000782235,0.21999984189,2.56310388556e-06,,,,0.09946558305423299,0.11522250710242833,1292.2668200969556,2655.835459627188
2021-07-08 08:56:26.253000+00:00,29.60155692267647,29.765018946244012,29.74354407034116,1625734549.1695015,-60.173352053025155,1625734549.2494984,-1.033,0.514,-21.631,0.508,,AT_O_20210707_000555,1.0,groupId:imageType,2021-07-08T08\:56\:22.524:ENGTEST,-2.52305486474,2.3775416155,-1.43922088207,0.349999744115,0.219998540077,1.46732657876e-07,,,,0.09946558305423299,0.11522250710242833,1931.5516682355255,1911.1335776762674
