,intra,extra,inFocus5s,inFocusExpTime5s,inFocustimestampEndOfReadout,intraExtratimestampAcquisitionStart,intraExtratimestampEndOfReadout,filter,rot_pos,el,az,x,y,z,u,v,w,m1,position0,position1,position2,position3,position5,m1_tip,m1_tilt,m1_piston,m1_y_pos,m1_x_pos
2022-02-09 01:02:14.671000+00:00,AT_O_20220208_000145,AT_O_20220208_000146,AT_O_20220208_000147,5.0,1644368649.7083807,1644368548.9709506,1644368599.1322887,SDSSg,10.638593142392349,73.30813987095259,80.22051863494765,-3.735842275,1.85593496297,-1.18277273088,0.350000066974,0.220000141112,-1.06744203339e-06,114796.61777856453,-0.01,-0.054,-0.0031,0.025,0.929,-0.0,-0.0,0.0,0.0,0.0
2022-02-09 03:47:59.978000+00:00,AT_O_20220208_000332,AT_O_20220208_000333,AT_O_20220208_000334,5.0,1644378595.36605,1644378494.2857945,1644378545.3656592,SDSSg,-131.13449027336787,44.94139128414784,-4.430699848999068,-4.09415058102,2.24577545718,-1.09796620614,0.350001158905,0.219999848807,1.83989677381e-08,77264.08904550588,0.103,0.057,-0.0027,0.01,0.943,-7.314422067997866,0.9058809085764078,-0.00020146394348467952,0.1112832760903795,0.10931366058435509
2022-02-09 03:53:41.229000+00:00,AT_O_20220208_000337,AT_O_20220208_000338,AT_O_20220208_000339,5.0,1644378937.3564377,1644378835.5321338,1644378886.1921425,SDSSg,-139.64412639149342,39.764302904294766,-0.6811964871697401,-3.97850052725,2.28150578939,-1.084190150445,0.349999690672,0.220000014724,-1.04617187351e-06,68111.64797650506,0.104,0.059,-0.00275,0.01,0.941,-6.784061906957815,1.1387171167786798,-0.0008851735503952215,0.11226808384339171,0.1112832760903795
2022-02-09 03:59:29.590000+00:00,AT_O_20220208_000341,AT_O_20220208_000342,AT_O_20220208_000343,5.0,1644379286.1052363,1644379183.899462,1644379234.1473873,SDSSg,-143.51738731115492,35.365080356774804,-1.2118420364673583,-3.88267371898,2.33357369935,-1.0745716658,0.350001118849,0.220001334286,-2.64130830841e-07,59706.92147607423,0.106,0.061,-0.0027,0.008,0.941,-7.263205676511143,1.4894592291830488,-0.0015357403651115962,0.11423769934941612,0.1132528915964039
2022-02-09 04:05:52.094000+00:00,AT_O_20220208_000347,AT_O_20220208_000348,AT_O_20220208_000349,5.0,1644379665.1989872,1644379566.407524,1644379616.416761,SDSSg,-149.33098091402206,29.901443649746945,-0.7996573264553445,-3.98339454143,2.12770193773,-1.08038859783,0.349999848007,0.220000343838,9.32601371516e-07,48696.00995556641,0.11,0.065,-0.00265,0.006,0.942,-8.008169731322832,1.7164885084761616,-0.001852773921102363,0.11817693036146495,0.11719212260845274
2022-02-09 04:11:19.983000+00:00,AT_O_20220208_000353,AT_O_20220208_000354,AT_O_20220208_000355,5.0,1644379993.2000687,1644379894.288027,1644379944.2306912,SDSSg,-153.77112804570382,24.958617423393008,-1.2302278782095528,-3.94769278046,2.18301659114,-1.06733332927,0.349999715478,0.219999458622,1.55672291756e-06,37149.34898706055,0.113,0.068,-0.00255,0.003,0.945,-9.523706036020899,1.8787579067641709,-0.0018197028222704393,0.12113135362050158,0.12014654586748938
2022-02-09 04:16:59.733000+00:00,AT_O_20220208_000359,AT_O_20220208_000360,AT_O_20220208_000361,5.0,1644380333.841427,1644380234.0368254,1644380284.7040985,SDSSg,-159.91604971654334,19.4356818332462,-0.5914012665703194,-3.76040955835,2.24882485797,-1.06213425713,0.349998545694,0.219999622948,3.16526741247e-07,23018.33132226562,0.115,0.071,-0.00245,0.0,0.948,-11.039242339690675,2.041027305049855,-0.0017866317234385169,0.123100969126526,0.123100969126526
2022-02-10 00:35:26.876000+00:00,AT_O_20220209_000111,AT_O_20220209_000112,AT_O_20220209_000113,5.0,1644453442.857735,1644453341.18197,1644453392.136835,SDSSg,8.98172059134231,63.81397670348473,52.82259139926778,-3.86792556751,2.27188691162,-1.1548943651,0.350000041028,0.22000105908,6.8879160854e-07,104703.42414263556,0.024,-0.037,-0.00325,0.019,0.934,-2.7742151975140517,0.34612542360252874,-0.0003838926872770504,0.033483463602415074,0.016741731801207537
2022-02-10 02:12:10.681000+00:00,AT_O_20220209_000247,AT_O_20220209_000248,AT_O_20220209_000249,5.0,1644459245.4566584,1644459144.985929,1644459195.2938192,SDSSg,-12.4545959867473,54.07861206670932,-121.45837237394676,-3.77202074089,2.22651489508,-1.11850081158,0.34999929247,0.219999921423,0.0,91612.31396215822,0.049,0.014,-0.003,0.018,0.937,-3.805486095427497,0.21601054154709828,0.00036631758410855564,0.05810365742772028,0.06696692720483015
2022-02-10 02:23:15.329000+00:00,AT_O_20220209_000251,AT_O_20220209_000252,AT_O_20220209_000253,5.0,1644459912.153155,1644459809.6171913,1644459859.926212,SDSSg,0.6792284004436806,60.76969940205687,99.48546858550952,-3.85365237312,2.16156124522,-1.14024900259,0.349999649069,0.2199996454,4.9809996796e-07,100715.30340671912,0.042,0.013,-0.00295,0.018,0.938,-4.0700259712665305,0.1068871664510076,0.0007164939322934523,0.05121000315663482,0.06598211945181794
2022-02-10 02:29:19.993000+00:00,AT_O_20220209_000254,AT_O_20220209_000255,AT_O_20220209_000256,5.0,1644460280.547419,1644460174.297559,1644460225.5417347,SDSSi,1.5280879867895434,62.06924273353127,99.11249293104744,-3.84262661248,2.16155225047,-1.14720851987,0.350000264793,0.22,5.04108857254e-07,102263.18851270487,0.035,0.011,-0.003,0.019,0.937,-3.5652740055552687,0.047934214345665326,0.0006999225361964067,0.04431634888554937,0.06401250394579353
2022-02-10 02:34:20.548000+00:00,AT_O_20220209_000257,AT_O_20220209_000258,AT_O_20220209_000259,5.0,1644460576.714774,1644460474.8463063,1644460525.9839694,SDSSr,2.228120451884024,63.13910921675835,98.80899530896345,-3.84900464886,2.25790487235,-1.14441726749,0.350000397927,0.220000531673,-1.37421726482e-06,103788.8772812787,0.03,0.009,-0.003,0.019,0.937,-3.5652740055552687,0.047934214345665326,0.0006999225361964067,0.03939231012048832,0.06204288843976911
2022-02-10 02:38:37.396000+00:00,AT_O_20220209_000260,AT_O_20220209_000261,AT_O_20220209_000262,5.0,1644460838.5472715,1644460731.6996324,1644460782.5075805,empty_1,2.830220119965459,64.05552461409117,98.549598087091,-3.8403912415,2.25790360244,-1.1305481576,0.35,0.220001230242,-1.94741194558e-07,104769.0229836857,0.025,0.006,-0.00305,0.019,0.936,-3.3007341296930752,0.15705758944181003,0.00034974618801147223,0.03446827135542729,0.05908846518073248
2022-02-10 02:54:17.460000+00:00,AT_O_20220209_000265,AT_O_20220209_000266,AT_O_20220209_000267,5.0,1644461774.4210303,1644461671.7639182,1644461722.4332235,SDSSg,5.009940832902965,67.4130135302922,97.64599855312667,-3.81348564045,2.13376257165,-1.1544970409,0.350000263118,0.220000386008,1.09227660886e-06,108753.38932052311,0.005,-0.003,-0.00305,0.021,0.934,-2.2886693785344607,0.06833060126249949,0.00034988957473595987,0.01477211629518312,0.05022519540362261
2022-02-10 03:09:38.636000+00:00,AT_O_20220209_000273,AT_O_20220209_000274,AT_O_20220209_000275,5.0,1644462694.262622,1644462592.939096,1644462643.3036823,SDSSg,7.132531926962067,70.71666802218733,96.81066170315728,-3.61941269974,1.996399482625,-1.16117359708,0.35000070975,0.220000034535,-2.469991701165e-07,111936.11719116208,-0.016,-0.013,-0.00315,0.022,0.933,-1.785197822488126,-0.00521180885850181,0.0003166750891795484,-0.005908846518073248,0.04037711787350053
2022-02-10 03:24:30.207000+00:00,AT_O_20220209_000280,AT_O_20220209_000281,AT_O_20220209_000282,5.0,1644463579.650138,1644463484.5146828,1644463535.7873309,SDSSg,9.127033888466208,73.91249935957974,96.07823359596632,-3.8072505013,2.10650458045,-1.16797007455,0.350000181674,0.219999834371,2.46622478945e-07,114970.39491624104,-0.041,-0.024,-0.0032,0.024,0.931,-0.7744134809713917,-0.10852825505349788,0.0003001753864447089,-0.030529040343378448,0.02954423259036624
2022-02-10 03:33:34.781000+00:00,AT_O_20220209_000287,AT_O_20220209_000288,AT_O_20220209_000289,5.0,1644464121.9242094,1644464029.0763457,1644464080.0181377,SDSSg,10.31307515061538,75.87206462391495,95.677627316102,-3.60428278862,2.27697828858,-1.16950968481,0.349999373764,0.219999652046,-3.50650258045e-07,116685.65068885956,-0.058,-0.029,-0.0032,0.025,0.93,-0.26838110530166037,-0.1528917491431491,0.0003002470798069527,-0.047270772144585985,0.024620193825305198
2022-02-10 03:38:09.745000+00:00,AT_O_20220209_000290,AT_O_20220209_000291,AT_O_20220209_000292,5.0,1644464417.8612106,1644464304.0533345,1644464356.351523,SDSSg,10.88535558101928,76.86136774501435,95.50324855648124,-3.59627399489,2.27697458781,-1.17409694949,0.350000158782,0.219999000079,2.36858483541e-06,117321.49927133416,-0.067,-0.032,-0.00325,0.027,0.93,0.21076266480722827,-0.5036338615608651,0.0009508138945233265,-0.05613404192169586,0.021665770566268575
2022-02-10 03:50:32.950000+00:00,AT_O_20220209_000301,AT_O_20220209_000302,AT_O_20220209_000303,5.0,1644465157.71532,1644465047.2332952,1644465098.5012891,SDSSg,12.298542770342252,79.52823660494167,95.1689695608805,-3.73788750997,1.96171362356,-1.1680532391,0.350000079702,0.220000167045,-2.25027300888e-08,119130.83717471852,-0.095,-0.037,-0.00325,0.029,0.928,1.2228274161394126,-0.5923608497395758,0.000950957281247814,-0.08370865900603769,0.016741731801207537
2022-02-16 00:23:22.974000+00:00,AT_O_20220215_000075,AT_O_20220215_000076,AT_O_20220215_000077,5.0,1644971128.4047503,1644971007.2762127,1644971077.7666,empty_1,0.7030678115822541,61.2009841060083,100.61999008265413,-3.73576875627,2.20234204889,-1.13422718455,0.350000022384,0.220000305341,0.0,101476.17687883652,0.036,-0.037,-0.00305,-0.004,0.937,-9.091432478637312,3.899100281500317,-0.006989634451283484,0.04530115663856157,0.016741731801207537
2022-02-16 00:28:03.521000+00:00,AT_O_20220215_000078,AT_O_20220215_000079,AT_O_20220215_000080,5.0,1644971410.5615184,1644971287.822313,1644971358.029879,SDSSg,1.02550212517942,60.17826255997269,33.55915323534074,-3.57407411067,2.2203649733,-1.15065003607,0.350000110776,0.220000923712,-6.60465711335e-07,100771.74964756558,0.035,-0.036,-0.00305,-0.004,0.937,-9.091432478637312,3.899100281500317,-0.006989634451283484,0.04431634888554937,0.017726539554219746
2022-02-16 00:53:41.651000+00:00,AT_O_20220215_000085,AT_O_20220215_000086,AT_O_20220215_000087,5.0,1644972947.952943,1644972825.9543295,1644972896.384695,empty_1,0.8032844711275866,61.35213435250974,100.45703744908616,-3.69582883448,2.08569866307,-1.136357322,0.350000241749,0.2199995898665,8.6203660611e-07,101595.26971819194,0.027,-0.023,-0.00305,-0.004,0.936,-8.825612193414498,4.022813114566533,-0.007323167710009091,0.0364378868614517,0.030529040343378448
2022-02-16 01:13:09.658000+00:00,AT_O_20220215_000101,AT_O_20220215_000102,AT_O_20220215_000103,5.0,1644974118.229507,1644973993.9654434,1644974065.39123,SDSSg,-0.6984948899478465,56.36352095520903,-138.32764182795736,-3.77367429544,2.10634620727,-1.13934393728,0.349999666106,0.219999666795,2.10389958526e-07,94978.12488016476,0.038,-0.003,-0.003,-0.002,0.938,-8.875548175084441,3.4538242521427693,-0.005972248198922886,0.047270772144585985,0.05022519540362261
2022-02-16 02:19:29.021000+00:00,AT_O_20220215_000133,AT_O_20220215_000134,AT_O_20220215_000135,5.0,1644978098.2258778,1644977973.3283858,1644978044.62458,SDSSg,-0.2702368992695611,47.52794886904016,-89.88469716912553,-3.82696566702,2.07937274144,-1.1250999852,0.350000082294,0.22,-8.86799085583e-08,81510.07790166292,0.058,0.022,-0.00295,0.0,0.938,-8.393843586242166,3.1322610558374424,-0.005288395205287859,0.06696692720483015,0.0748453892289278
2022-02-16 04:12:07.179000+00:00,AT_O_20220215_000278,AT_O_20220215_000279,AT_O_20220215_000280,5.0,1644984855.7290237,1644984731.4729972,1644984802.0984786,SDSSg,-0.5742741688496915,41.56917983513759,210.79969094589703,-3.84574302778,2.11183081561,-1.12771325526,0.349999058486,0.219999411408,-8.72937028646e-07,71318.28423934722,0.095,0.055,-0.00275,0.005,0.944,-8.782583211014027,1.6079602534297044,-0.0015525985346576529,0.10340481406628184,0.10734404507833067
2022-02-16 05:59:58.393000+00:00,AT_O_20220215_000392,AT_O_20220215_000393,AT_O_20220215_000394,5.0,1644991323.4046853,1644991202.693124,1644991273.3892283,SDSSg,1.3600766283400934,66.98938043739378,76.8739757162224,-3.92392523669,2.12088387755,-1.16355667544,0.349999789685,0.220000285396,1.11005464701e-06,108388.59026635392,0.019,0.003,-0.00305,-0.005,0.935,-8.800003997685911,4.314602274760652,-0.007990305920822548,0.02855942483735403,0.05613404192169586
2022-02-17 00:54:09.730000+00:00,AT_O_20220216_000079,AT_O_20220216_000080,AT_O_20220216_000081,5.0,1645059375.0661914,1645059254.0356472,1645059324.5469506,empty_1,-1.1086349486136378,58.30137800160238,-91.26472663954232,-3.8532209158,2.2418551368,-1.1101831367,0.349999223897,0.220000194209,-6.02380130035e-07,97739.57141183036,0.062,0.0,-0.00305,-0.006,0.937,-9.571856657551669,4.235252935772565,-0.007656844355459184,0.07090615821687897,0.05317961866265923
2022-02-17 00:58:17.723000+00:00,AT_O_20220216_000084,AT_O_20220216_000085,AT_O_20220216_000086,5.0,1645059623.0066242,1645059502.0203395,1645059572.6072888,SDSSg,-0.6756072852103638,56.6196451788606,-93.27973708797758,-3.72553956475,2.1769666334,-1.14278465792,0.349999662373,0.219999567529,2.97279377843e-07,95268.89096487856,0.062,0.002,-0.00305,-0.005,0.937,-9.33164456810715,4.067176608639142,-0.007323239403371333,0.07090615821687897,0.05514923416868365
2022-02-17 02:53:21.360000+00:00,AT_O_20220216_000259,AT_O_20220216_000260,AT_O_20220216_000261,5.0,1645066529.4496005,1645066405.6671612,1645066475.9258869,SDSSg,-0.970662615013342,30.474715058849167,251.4144467010337,-3.79202532058,2.13783441507,-1.09798951467,0.349999787517,0.2199996599599999,5.056112979335e-07,50093.288490144965,0.104,0.053,-0.0028,0.006,0.941,-7.746190675346973,1.7964329675352029,-0.002236236448205952,0.11226808384339171,0.10537442957230625
2022-02-17 03:03:44.413000+00:00,AT_O_20220216_000268,AT_O_20220216_000269,AT_O_20220216_000270,5.0,1645067153.7675593,1645067028.7118924,1645067099.218608,SDSSg,-2.380677633474681,29.512256242547384,176.90624125085506,-3.80475451642,2.14537605528,-1.105191357845,0.350000290184,0.2200000132855,7.84815345511e-07,47760.833923511775,0.105,0.055,-0.0027,0.007,0.944,-8.300878622153675,1.2863970570582446,-0.000868745541022625,0.1132528915964039,0.10734404507833067
2022-02-17 03:09:20.315000+00:00,AT_O_20220216_000273,AT_O_20220216_000274,AT_O_20220216_000275,5.0,1645067485.563506,1645067364.6171978,1645067435.7189002,SDSSg,3.813669405809135,74.88377631054293,22.223767043226623,-3.85639555403,2.19869264251,-1.18603243521,0.35,0.22000137875,8.2223042111e-07,115934.94984767002,-0.031,-0.035,-0.0032,-0.01,0.932,-9.207444818847598,5.48235403539501,-0.010708859725816604,-0.020680962813256366,0.018711347307231948
2022-02-17 04:14:43.362000+00:00,AT_O_20220216_000368,AT_O_20220216_000369,AT_O_20220216_000370,5.0,1645071413.3160262,1645071287.6715302,1645071360.919242,SDSSg,1.298356249140901,70.57986568117663,-46.03344222232074,-3.94011993956,2.24631102829,-1.182821050565,0.3499999315,0.22000002979,-5.43924442692e-07,112116.9344922865,0.0,-0.015,-0.00315,-0.008,0.931,-8.459919944808556,5.284503672254285,-0.010358539990907181,0.00984807753012208,0.038407502367476115
2022-02-17 04:59:41.122000+00:00,AT_O_20220216_000428,AT_O_20220216_000429,AT_O_20220216_000430,5.0,1645074108.1825542,1645073985.4242542,1645074056.0877166,SDSSg,0.2598669917462475,62.531293608864125,-64.54134408402433,-3.81115021084,2.19995812017,-1.16315748953,0.350000249816,0.22,7.38797207046e-07,103026.59713186344,0.044,0.012,-0.003,-0.005,0.935,-8.798723587899476,4.329191732769916,-0.00797366283136322,0.05317961866265923,0.06499731169880574
2022-02-17 05:12:04.151000+00:00,AT_O_20220216_000442,AT_O_20220216_000443,AT_O_20220216_000444,5.0,1645074850.7032008,1645074728.4463384,1645074798.386207,SDSSg,-3.466047776484213,27.954309530048963,-181.31606833436385,-3.84331011525,2.15542620849,-1.09925997587,0.350000486534,0.220000217579,9.09362498644e-07,44485.654255719885,0.112,0.063,-0.0026,0.009,0.943,-7.55207333806061,1.1031361518045608,-0.0005017827166538769,0.12014654586748938,0.11522250710242833
2022-02-17 07:09:50.904000+00:00,AT_O_20220216_000610,AT_O_20220216_000611,AT_O_20220216_000612,5.0,1645081921.6604583,1645081795.201086,1645081868.4456177,SDSSg,2.3677641852321867,76.6937568118634,31.421142411486237,-3.65408191473,2.10874433566,-1.19105622131,0.350000579106,0.219999102884,1.58837070033e-07,117445.7794495465,0.115,0.066,-0.0028,-0.026,0.94,-15.167157244294057,7.2985882680947105,-0.013245128173742775,0.123100969126526,0.11817693036146495
2022-02-17 07:45:24.640000+00:00,AT_O_20220216_000662,AT_O_20220216_000663,AT_O_20220216_000664,5.0,1645084053.2657032,1645083928.9305365,1645084002.0941222,SDSSg,2.407644983518379,77.55298017315631,-18.66166251530147,-3.77493347418,2.17863818916,-1.21392926389,0.350000085262,0.220000495267,2.79757497882e-07,117791.31528337036,0.115,0.066,-0.0028,-0.026,0.94,-15.167157244294057,7.2985882680947105,-0.013245128173742775,0.123100969126526,0.11817693036146495
2022-02-17 08:48:12.506000+00:00,AT_O_20220216_000729,AT_O_20220216_000730,AT_O_20220216_000731,5.0,1645087819.72053,1645087696.810613,1645087767.907547,SDSSg,3.722030088341546,71.22023445963785,25.65986638444781,-3.9463048842,2.12847422332,-1.18699096226,0.350000142407,0.220001423936,2.16523576791e-07,112717.10791514222,0.115,0.066,-0.0028,-0.026,0.94,-15.167157244294057,7.2985882680947105,-0.013245128173742775,0.123100969126526,0.11817693036146495
2022-02-18 00:19:11.955000+00:00,AT_O_20220217_000085,AT_O_20220217_000086,AT_O_20220217_000087,5.0,1645143680.1107452,1645143556.24702,1645143626.928153,empty_1,-0.6816750562870317,60.35290340647617,180.9468105637112,-4.0678203205,2.10910274882,-1.12127316899,0.350000282073,0.22000108548,-2.22843906091e-07,100405.6122601576,0.023,-0.024,-0.00305,-0.004,0.934,-8.293971622881815,4.270238780690196,-0.007990234227460305,0.03249865584940287,0.02954423259036624
2022-02-18 00:26:11.949000+00:00,AT_O_20220217_000090,AT_O_20220217_000091,AT_O_20220217_000092,5.0,1645144097.4714403,1645143976.2528863,1645144046.573457,SDSSg,-1.188908896980189,59.42192723139101,180.00605582885245,-3.78420199642,2.09823079904,-1.15265762557,0.350000824541,0.21999962102,1.03474330069e-06,99320.21173427031,0.025,-0.02,-0.00305,-0.004,0.934,-8.293971622881815,4.270238780690196,-0.007990234227460305,0.03446827135542729,0.033483463602415074
2022-02-18 02:26:10.530000+00:00,AT_O_20220217_000239,AT_O_20220217_000240,AT_O_20220217_000241,5.0,1645151300.212844,1645151174.8418674,1645151245.7169416,SDSSg,-0.5748286966706255,36.01098586692336,255.92916242080915,-3.84690826641,2.1192282164,-1.09522131199,0.35,0.22,2.40471073815e-07,60971.50587506976,0.089,0.043,-0.0029,0.005,0.94,-7.723143299181575,2.0590432117942465,-0.0029366608379380625,0.09749596754820858,0.09552635204218418
2022-02-18 03:08:30.166000+00:00,AT_O_20220217_000278,AT_O_20220217_000279,AT_O_20220217_000280,5.0,1645153826.6656811,1645153724.456884,1645153774.7873633,SDSSi,-1.733954920437171,79.81082494309351,-90.3279964546924,-3.48025894336,2.09578431372,-1.1809906597,0.350000255509,0.219999805217,-5.76074134345e-08,119440.0602097168,-0.108,-0.043,-0.00325,-0.016,0.928,-9.586716624645586,6.9710738716726235,-0.014061265562705464,-0.0965111597951964,0.01083288528313429
2022-02-18 04:28:34.995000+00:00,AT_O_20220217_000364,AT_O_20220217_000365,AT_O_20220217_000366,5.0,1645158641.6722884,1645158519.2869298,1645158590.002287,SDSSg,-1.1007387020654278,28.127893307366783,251.69790113180883,-3.70130310556,2.09577958656,-1.08488099458,0.34999920375,0.219999804398,-4.09233020564e-08,44787.12845906001,0.097,0.062,-0.0027,0.01,0.944,-7.58024235337558,0.7821680754666414,0.00013206931524092702,0.10537442957230625,0.11423769934941612
2022-02-18 05:11:42.009000+00:00,AT_O_20220217_000403,AT_O_20220217_000404,AT_O_20220217_000405,5.0,1645161229.5048404,1645161106.299773,1645161176.5152194,SDSSg,-0.1214235732537677,39.48728423513759,126.11768206092964,-3.91586712058,2.07484154832,-1.11546302125,0.3499999274,0.22,0.0,67747.44356462752,0.093,0.06,-0.0027,0.007,0.943,-8.035058336846271,1.410109890164797,-0.0012022787997482322,0.10143519856025741,0.11226808384339171
2022-02-18 07:14:47.083000+00:00,AT_O_20220217_000584,AT_O_20220217_000585,AT_O_20220217_000586,5.0,1645168612.9580047,1645168491.3851166,1645168561.9998307,SDSSg,-0.7061541707625507,60.78862139172147,130.48131246062474,-3.92765832197,2.05961187541,-1.14348704111,0.350000819521,0.220000317415,5.99564884179e-07,101002.58786260049,0.043,0.026,-0.00285,-0.003,0.937,-8.846098749997177,3.78938178639959,-0.006589457141358326,0.052194810909647026,0.07878462024097664
2022-02-18 09:19:06.214000+00:00,AT_O_20220217_000757,AT_O_20220217_000758,AT_O_20220217_000759,5.0,1645176072.9291985,1645175950.5140169,1645176020.8822784,SDSSg,-3.773607884247174,74.74339642918822,177.65139385946256,-3.68391121728,1.93770963819,-1.17645918876,0.350000639003,0.219999751225,-5.03882467446e-07,116125.20914908398,-0.04,-0.021,-0.00315,-0.012,0.93,-9.154948017612163,6.080521813567022,-0.012026493057984193,-0.02954423259036624,0.03249865584940287
2022-03-17 00:19:32.984000+00:00,AT_O_20220316_000227,AT_O_20220316_000228,AT_O_20220316_000229,5.0,1647476498.309,1647476377.3387282,1647476447.491,empty_1,-0.4264858026702275,60.41482003567052,180.67690080239208,-3.73750285027,1.82684239691,-1.1537567791,0.350000582419,0.2200003679515,4.63601963795e-07,100610.09359252932,0.046,0.028,-0.0029,-0.014,0.841,14.029035253250145,17.5000638647736,-0.042294947541442286,0.05514923416868365,0.08075423574700107
2022-03-17 00:55:43.049000+00:00,AT_O_20220316_000246,AT_O_20220316_000247,AT_O_20220316_000248,5.0,1647478669.113,1647478547.4200077,1647478617.23,SDSSg,-0.966823230637364,32.10556308832652,254.94233096538844,-3.70416195336,1.8923216442,-1.14426249297,0.3499987558765,0.220000610836,-5.40489785459e-07,53838.47002005439,0.093,0.075,-0.00255,-0.006,0.844,15.162233978513202,15.886440964512866,-0.03850900652234737,0.10143519856025741,0.12704020013857484
2022-03-17 03:06:03.260000+00:00,AT_O_20220316_000412,AT_O_20220316_000413,AT_O_20220316_000414,5.0,1647486488.002,1647486367.629936,1647486437.404,SDSSg,-1.7002442254418773,28.273187563380635,180.7439590970969,-3.75568699522,1.80393737735,-1.14633674174,0.350000134741,0.22,-3.93565707219e-07,45146.88703717913,0.087,0.095,-0.0024,-0.002,0.854,13.468720718599348,14.020775708453739,-0.033789324858361926,0.09552635204218417,0.146736355198819
2022-03-17 05:26:18.421000+00:00,AT_O_20220316_000622,AT_O_20220316_000623,AT_O_20220316_000624,5.0,1647494903.454,1647494782.7688618,1647494853.272,SDSSg,-0.6489033448884123,58.25663929599301,131.42499049464905,-3.72026422666,1.87778845166,-1.18371915045,0.35,0.220000814877,-7.21420236786e-07,97610.19339341715,0.039,0.072,-0.00265,-0.01,0.849,12.869723381127514,15.911003191582438,-0.038209046215989396,0.0482555798975982,0.12408577687953821
2022-03-17 05:37:17.056000+00:00,AT_O_20220316_000635,AT_O_20220316_000636,AT_O_20220316_000637,5.0,1647495565.001,1647495441.4220655,1647495511.97,SDSSg,-0.5190190985197494,60.02125724025983,132.70240054684888,-3.74308235617,1.92826423555,-1.18690327319,0.349999649043,0.219999446826,1.31031495311e-06,100067.92359165737,0.03,0.067,-0.0027,-0.011,0.848,12.894051167019194,16.188202892201776,-0.038892827516262184,0.03939231012048832,0.11916173811447717
2022-03-17 05:48:14.874000+00:00,AT_O_20220316_000648,AT_O_20220316_000649,AT_O_20220316_000650,5.0,1647496221.702,1647496099.2363622,1647496170.007,SDSSg,-0.5637742429590475,64.11964592514526,130.0484520920602,-3.75681139194,1.93619683308,-1.19493400244,0.349999991455,0.22000054203,-7.17382050447e-07,105112.05541381838,0.007,0.055,-0.00275,-0.013,0.848,12.412346579145483,16.509766086568856,-0.039576680509897204,0.016741731801207537,0.10734404507833067
2022-03-17 06:14:29.745000+00:00,AT_O_20220316_000673,AT_O_20220316_000674,AT_O_20220316_000675,5.0,1647497799.027,1647497674.0996418,1647497744.939,SDSSg,-0.8476097305906088,68.30284018655512,135.49245978242232,-3.70465344408,1.90115363664,-1.20383397972,0.350000593954,0.22,9.10422153335e-07,109773.62929391045,-0.017,0.04,-0.0028,-0.015,0.846,12.462282560725832,17.078754945407507,-0.04092760002098345,-0.006893654271085457,0.09257192878314756
2022-03-17 06:25:23.857000+00:00,AT_O_20220316_000686,AT_O_20220316_000687,AT_O_20220316_000688,5.0,1647498451.001,1647498328.2161937,1647498398.985,SDSSg,-0.9470548530733934,67.14070411560164,142.1163402213916,-3.66237079099,1.90111249484,-1.2064893486,0.349999309979,0.219999903899,1.06253213832e-07,108575.54691353932,-0.017,0.04,-0.00285,-0.015,0.844,12.99264272036602,17.311591151997373,-0.041611309627893986,-0.006893654271085457,0.09257192878314756
2022-03-17 06:36:12.028000+00:00,AT_O_20220316_000699,AT_O_20220316_000700,AT_O_20220316_000701,5.0,1647499098.706,1647498976.3703542,1647499046.65,SDSSg,-1.184742025918344,71.39970889315093,142.408067330606,-3.69893412216,1.91054665639,-1.21236469787,0.35,0.219999952451,1.37994748968e-06,112904.97140572684,-0.039,0.028,-0.00285,-0.017,0.846,11.980577972730524,17.40031813954851,-0.04161145301461848,-0.02855942483735403,0.08075423574700107
2022-03-17 06:46:58.341000+00:00,AT_O_20220316_000712,AT_O_20220316_000713,AT_O_20220316_000714,5.0,1647499745.443,1647499622.704329,1647499693.17,SDSSg,-1.3970891604157785,72.75092064209211,146.91956068528305,-3.67737826337,1.93091474143,-1.2155848916,0.350000812081,0.220000204259,9.67902353908e-07,114232.86998514524,-0.049,0.023,-0.00285,-0.017,0.846,11.980577972730524,17.40031813954851,-0.04161145301461848,-0.038407502367476115,0.07583019698194002
2022-03-17 06:57:40.221000+00:00,AT_O_20220316_000725,AT_O_20220316_000726,AT_O_20220316_000727,5.0,1647500387.189,1647500264.5777965,1647500334.923,SDSSg,-1.6091337011260165,73.92576157673986,152.22816816599163,-3.63653642406,1.85531657153,-1.21899667881,0.350000223161,0.220000328638,-1.72705568259e-08,115242.91233258932,-0.059,0.019,-0.0029,-0.018,0.847,11.473265188908602,17.430092175410255,-0.041628167797440045,-0.04825557989759819,0.07189096596989118
2022-03-17 07:08:16.574000+00:00,AT_O_20220316_000738,AT_O_20220316_000739,AT_O_20220316_000740,5.0,1647501023.289,1647500900.9337516,1647500971.247,SDSSg,-1.82534541017876,74.88941870868541,158.34210071864135,-3.55168519064,1.93669212575,-1.22653614318,0.350000116894,0.220000801808,4.02804891688e-07,116129.47664743346,-0.068,0.016,-0.0029,-0.018,0.849,10.94162461902991,17.182666510928435,-0.04096110127998883,-0.057118849674708067,0.06893654271085457
2022-03-17 07:18:47.731000+00:00,AT_O_20220316_000751,AT_O_20220316_000752,AT_O_20220316_000753,5.0,1647501656.283,1647501532.0922346,1647501602.532,SDSSg,-1.8673033436433928,73.65358817843185,171.51884525363255,-3.67563532258,1.9618989768,-1.22805544659,0.349999506852,0.220000984529,-2.02231474139e-07,114914.83992971496,-0.067,0.016,-0.0029,-0.018,0.849,10.94162461902991,17.182666510928435,-0.04096110127998883,-0.05613404192169586,0.06893654271085457
2022-03-17 07:29:14.126000+00:00,AT_O_20220316_000764,AT_O_20220316_000765,AT_O_20220316_000766,5.0,1647502281.158,1647502158.4893916,1647502229.001,SDSSg,-1.769053385612538,73.10024980615188,169.49698920748364,-3.69643699294,1.96846606066,-1.22208313175,0.349999303601,0.219998669186,6.4656836685e-07,114407.30863717211,-0.067,0.016,-0.0029,-0.018,0.849,10.94162461902991,17.182666510928435,-0.04096110127998883,-0.05613404192169586,0.06893654271085457
2022-03-17 07:56:06.237000+00:00,AT_O_20220316_000789,AT_O_20220316_000790,AT_O_20220316_000791,5.0,1647503893.117,1647503770.5901232,1647503840.9,SDSSg,-1.807445359969071,73.24117850246111,194.13409840864355,-3.64807751453,1.90325979779,-1.22308463849,0.35,0.220001705764,1.39954516666e-07,114682.34636561804,-0.071,0.016,-0.0029,-0.018,0.85,10.675804334035604,17.05895367866893,-0.04062756802126322,-0.06007327293374468,0.06893654271085457
2022-03-17 08:08:29.055000+00:00,AT_O_20220316_000802,AT_O_20220316_000803,AT_O_20220316_000804,5.0,1647504637.512,1647504513.4153252,1647504583.754,SDSSg,-1.7430782348915403,72.93989240750567,192.5871270854093,-3.63857748712,1.94102710479,-1.22027821958,0.350000841248,0.22,3.32691420947e-08,114405.2045234026,-0.082,0.014,-0.00295,-0.019,0.86,7.776108982904152,15.975312223687554,-0.03764248347555432,-0.07090615821687898,0.06696692720483015
2022-03-17 08:18:17.767000+00:00,AT_O_20220316_000815,AT_O_20220316_000816,AT_O_20220316_000817,5.0,1647505224.698,1647505102.1230986,1647505172.618,SDSSg,-1.5657138706557534,71.59431475283361,205.5845236748985,-3.6354287602,1.93194921455,-1.21963543791,0.349999022077,0.219999359503,4.94518750732e-07,113288.70163975308,-0.079,0.017,-0.00295,-0.018,0.86,8.016321072501034,15.807235897483695,-0.03730887852346648,-0.06795173495784236,0.06992135046386677
2022-03-17 08:27:53.431000+00:00,AT_O_20220316_000828,AT_O_20220316_000829,AT_O_20220316_000830,5.0,1647505800.246,1647505677.791608,1647505748.218,SDSSg,-1.5338880950790814,71.6600344186391,202.6602661334554,-3.55600917309,1.90125036847,-1.22301067219,0.349999951142,0.21999968345,-4.59692174541e-07,113326.56002317616,-0.079,0.017,-0.0029,-0.017,0.861,7.9919932865511,15.530036196785627,-0.03662509722319371,-0.06795173495784236,0.06992135046386677
2022-03-17 08:37:23.551000+00:00,AT_O_20220316_000841,AT_O_20220316_000842,AT_O_20220316_000843,5.0,1647506372.518,1647506247.9006715,1647506318.652,SDSSg,-1.4466123154508213,70.79529351466086,206.9380749669791,-3.52052318828,1.88065692885,-1.22131871419,0.35,0.22,-1.97444389304e-06,112373.3964855785,-0.077,0.018,-0.0029,-0.017,0.861,7.9919932865511,15.530036196785627,-0.03662509722319371,-0.06598211945181794,0.07090615821687897
2022-03-17 08:46:51.206000+00:00,AT_O_20220316_000854,AT_O_20220316_000855,AT_O_20220316_000856,5.0,1647506941.037,1647506815.5689564,1647506886.345,SDSSg,-1.3588101107034682,69.80530953673691,210.7350967208728,-3.55485874531,1.87535472589,-1.21338264894,0.35,0.219999565425,0.0,111519.8968156841,-0.074,0.021,-0.00285,-0.016,0.862,7.9676655006009405,15.252836496031454,-0.03594131592292091,-0.06302769619278131,0.0738605814759156
2022-03-17 08:56:12.532000+00:00,AT_O_20220316_000867,AT_O_20220316_000868,AT_O_20220316_000869,5.0,1647507500.659,1647507376.8896606,1647507447.601,SDSSg,-1.2546390512926195,68.71651463660113,214.057246361828,-3.58335244005,1.87971565083,-1.21140013013,0.350000385951,0.220001218377,-3.45077805596e-07,110245.57439188348,-0.07,0.024,-0.00285,-0.015,0.863,7.942057304863687,14.96104733728336,-0.035274177712107446,-0.059088465180732484,0.07681500473495223
2022-03-17 09:05:21.039000+00:00,AT_O_20220316_000880,AT_O_20220316_000881,AT_O_20220316_000882,5.0,1647508048.47,1647507925.4030287,1647507995.466,SDSSg,-1.0061347345687517,65.8462439973662,221.52312506798472,-3.6115385255,1.8200780954,-1.21007927896,0.35,0.219999776849,0.0,108578.07185006274,-0.056,0.034,-0.00285,-0.013,0.865,7.890840913388456,14.377469019608686,-0.03393990129048053,-0.04530115663856157,0.0866630822650743
2022-03-17 09:14:12.483000+00:00,AT_O_20220316_000893,AT_O_20220316_000894,AT_O_20220316_000895,5.0,1647508580.3,1647508456.8486488,1647508527.708,SDSSg,-0.934671657568608,64.54758845089502,223.45458316887127,-3.64518221282,1.82338209118,-1.20683995537,0.349999928242,0.220001365039,3.71882150756e-07,105725.19712980028,-0.051,0.038,-0.00275,-0.011,0.868,7.576365056133177,13.699356785043223,-0.03223880543120937,-0.040377117873500526,0.09060231327712313
2022-03-18 00:20:56.393000+00:00,AT_O_20220317_000220,AT_O_20220317_000221,AT_O_20220317_000222,5.0,1647562981.658164,1647562860.760986,1647562930.7287638,empty_1,-1.261797733489532,59.72194461791597,180.9716967793061,-3.74402205845,2.02698963573,-1.14359387941,0.350000179911,0.22000071877,-6.40237300855e-07,99619.47682983398,-0.03,0.037,-0.0027,-0.004,0.916,-3.5002436154575336,6.599195981171448,-0.013877331258305944,-0.019696155060244157,0.08961750552411092
2022-03-18 00:33:05.567000+00:00,AT_O_20220317_000227,AT_O_20220317_000228,AT_O_20220317_000229,5.0,1647563710.0603251,1647563589.9308558,1647563660.0739288,SDSSg,-2.1702925902309027,60.22098424233264,185.09023726642232,-3.67068861542,2.05703821621,-1.16908878045,0.350001190562,0.220000663894,1.88906975197e-07,100288.04395071843,-0.031,0.04,-0.0027,-0.004,0.916,-3.5002436154575336,6.599195981171448,-0.013877331258305944,-0.020680962813256366,0.09257192878314756
2022-04-05 23:41:14.702000+00:00,AT_O_20220405_000211,AT_O_20220405_000212,AT_O_20220405_000213,5.0,1649202199.0622196,1649202079.0650504,1649202148.863422,empty_1,-1.2426270532731516,60.0529843552932,-178.3403551938717,-3.75837140463,2.19836325881,-1.17310626728,0.350000284314,0.220000599461,1.43465744897e-06,100943.5054486956,-0.005,0.018,-0.00285,-0.002,0.922,-4.618582378835722,5.476997955014795,-0.01125885107015458,0.00492403876506104,0.07090615821687897
2022-04-06 00:07:36.367000+00:00,AT_O_20220405_000217,AT_O_20220405_000218,AT_O_20220405_000219,5.0,1649203784.006503,1649203660.6788762,1649203730.984892,SDSSg,-1.1080560065743548,60.72775309267724,-170.85205702679897,-3.66032950336,2.22932592459,-1.1895517711,0.35,0.220000075575,8.70612679466e-08,101127.5252272252,-0.008,0.022,-0.0027,-0.001,0.924,-4.906169630815683,5.105264335881316,-0.010208250332237535,0.001969615506024416,0.0748453892289278
2022-04-06 00:12:18.488000+00:00,AT_O_20220405_000222,AT_O_20220405_000223,AT_O_20220405_000224,5.0,1649204063.1247888,1649203942.8514936,1649204012.5583034,SDSSg,40.69953109963639,30.40247983008948,-179.9833893093031,-3.95440136476,2.26675612123,-1.0916456032,0.350000096895,0.220000608847,0.0,49933.86609793528,0.085,0.081,-0.0025,0.011,0.932,-4.145065198434812,2.1570035775950096,-0.003470152479541163,0.09355673653615976,0.13294904665664808
2022-04-06 01:47:29.971000+00:00,AT_O_20220405_000271,AT_O_20220405_000272,AT_O_20220405_000273,5.0,1649209774.5477276,1649209654.3414776,1649209724.6037111,empty_1,-0.9210747426047288,44.80450608316938,180.68173510491863,-3.93484457411,2.24658261457,-1.13604236705,0.349999993115,0.219999573418,-2.32872749776e-07,76901.74275693225,0.07,0.083,-0.00245,0.008,0.931,-4.5986007725646605,2.7995348502337754,-0.004787857505070994,0.07878462024097664,0.1349186621626725
2022-04-06 04:41:37.623000+00:00,AT_O_20220405_000449,AT_O_20220405_000450,AT_O_20220405_000451,5.0,1649220215.0189204,1649220111.98184,1649220162.9362674,SDSSi,-0.9755139218913802,57.57041136674182,153.38469895345185,-3.94822868104,2.22769497733,-1.16922219504,0.350001065273,0.219998608019,8.41226451579e-07,96811.38847871672,0.03,0.066,-0.0025,0.0,0.926,-5.192476472988612,4.748120174722635,-0.009141006504861162,0.03939231012048832,0.11817693036146495
2022-04-06 05:34:17.084000+00:00,AT_O_20220405_000533,AT_O_20220405_000534,AT_O_20220405_000535,5.0,1649223373.7208989,1649223271.443851,1649223321.5617328,SDSSi,-17.997431734944694,61.6730756773564,164.99184263463832,-3.93236772126,2.17514649651,-1.18676302625,0.349999461201,0.22,0.0,102120.88936132815,0.018,0.062,-0.0026,0.0,0.925,-4.929217007000385,4.842654091752044,-0.009507825942505422,0.02757461708434182,0.11423769934941612
2022-04-06 06:26:41.873000+00:00,AT_O_20220405_000602,AT_O_20220405_000603,AT_O_20220405_000604,5.0,1649226528.9375837,1649226406.2263775,1649226476.6691182,SDSSg,-1.0437666244485535,61.98348678258829,180.89170579467248,-3.92881726794,2.17515473073,-1.19901091292,0.350000493121,0.22,8.13722735772e-07,102506.73285376324,0.01,0.059,-0.00265,-0.001,0.924,-4.90488922102764,5.119853793888019,-0.010191607242778207,0.01969615506024416,0.1112832760903795
2022-04-06 08:43:35.732000+00:00,AT_O_20220405_000803,AT_O_20220405_000804,AT_O_20220405_000805,5.0,1649234744.063038,1649234620.09244,1649234691.1411278,empty_1,-0.7669285566853048,59.680014275001895,234.3355629133445,-3.94728135512,2.27094870036,-1.19031705599,0.349999979756,0.220000233644,0.0,99425.39159760816,-0.03,0.045,-0.0026,-0.002,0.923,-4.878000615478654,5.426232412016754,-0.010842102364132338,-0.019696155060244157,0.09749596754820859
